Date,hospitalized,Vaccited,cum_diagnoses,cum_recoveries,cum_deaths,Active cases,new_recoveries,new_deaths,new_diagnoses,yandex_index
2020-03-16,,,9,1,0,8,1,0,9,0.7
2020-03-17,,,9,1,0,8,0,0,0,0.6
2020-03-18,,,9,2,0,7,1,0,0,0.8
2020-03-19,,,10,2,0,8,0,0,1,0.9
2020-03-20,,,14,2,0,12,0,0,4,0.9
2020-03-21,,,16,2,0,14,0,0,2,2.4
2020-03-22,,,16,2,0,14,0,0,0,2.8
2020-03-23,,,16,2,0,14,0,0,0,1
2020-03-24,,,21,2,0,19,0,0,5,1.1
2020-03-25,,,21,2,0,19,0,0,0,1
2020-03-26,,,26,2,0,24,0,0,5,1.1
2020-03-27,,,26,5,0,21,3,0,0,1.1
2020-03-28,,,37,6,1,30,1,1,11,3
2020-03-29,,,42,5,1,36,-1,0,5,3.6
2020-03-30,,,50,5,2,43,0,1,8,3
2020-03-31,,,98,7,2,89,2,0,48,3.2
2020-04-01,,,125,7,2,116,0,0,27,3.4
2020-04-02,17,,147,7,2,138,0,0,22,3.5
2020-04-03,31,,156,7,2,147,0,0,9,3.4
2020-04-04,19,,171,7,2,162,0,0,15,3.8
2020-04-05,17,,191,32,3,156,25,1,20,3.9
2020-04-06,13,,226,32,3,191,0,0,35,2.9
2020-04-07,8,,295,32,3,260,0,0,69,2.8
2020-04-08,39,,329,43,3,283,11,0,34,2.8
2020-04-09,88,,373,43,4,326,0,1,44,2.8
2020-04-10,95,,408,43,4,361,0,0,35,2.7
2020-04-11,701,,488,74,4,410,31,0,80,3.5
2020-04-12,372,,557,74,4,479,0,0,69,3.8
2020-04-13,84,,678,78,4,596,4,0,121,2.7
2020-04-14,279,,799,78,4,717,0,0,121,2.7
2020-04-15,1129,,929,95,5,829,17,1,130,2.7
2020-04-16,396,,1083,110,7,966,15,2,154,2.7
2020-04-17,371,,1507,131,7,1369,21,0,424,2.7
2020-04-18,176,,1646,232,8,1406,101,1,139,3.5
2020-04-19,237,,1760,239,8,1513,7,0,114,3.8
2020-04-20,494,,1846,241,8,1597,2,0,86,2.7
2020-04-21,517,,1973,280,11,1682,39,3,127,2.6
2020-04-22,323,,2267,327,14,1926,47,3,294,2.6
2020-04-23,616,,2458,368,17,2073,41,3,191,2.5
2020-04-24,385,,2711,411,20,2280,43,3,253,2.6
2020-04-25,522,,2926,460,23,2443,49,3,215,3.2
2020-04-26,,,3077,489,27,2561,29,4,151,3.6
2020-04-27,446,,3238,489,27,2722,0,0,161,2.5
2020-04-28,385,,3436,544,27,2865,55,0,198,2.4
2020-04-29,374,,3726,708,29,2989,164,2,290,2.4
2020-04-30,344,,4062,779,29,3254,71,0,336,2.3
2020-05-01,580,,4411,779,33,3599,0,4,349,3.1
2020-05-02,113,,4734,877,33,3824,98,0,323,3.1
2020-05-03,1038,,5029,1061,34,3934,184,1,295,3.4
2020-05-04,297,,5346,1197,37,4112,136,3,317,3
2020-05-05,759,,5572,1468,37,4067,271,0,226,2.9
2020-05-06,544,,5884,1532,40,4312,64,3,312,2.1
2020-05-07,772,,6190,1552,44,4594,20,4,306,2.3
2020-05-08,564,,6565,1597,48,4920,45,4,375,2.2
2020-05-09,694,,6990,1662,53,5275,65,5,425,3.1
2020-05-10,580,,7404,1674,53,5677,12,0,414,3.1
2020-05-11,578,,7711,1681,56,5974,7,3,307,2.9
2020-05-12,1056,,8050,1784,58,6208,103,2,339,2.1
2020-05-13,543,,8485,1848,63,6574,64,5,435,2
2020-05-14,711,,8945,1899,69,6977,51,6,460,2.1
2020-05-15,581,,9486,2005,74,7407,106,5,541,2
2020-05-16,196,,10011,2109,80,7822,104,6,525,3
2020-05-17,903,,10462,2175,85,8202,66,5,451,3.2
2020-05-18,616,,10887,2209,90,8588,34,5,425,2
2020-05-19,772,,11340,2272,95,8973,63,5,453,1.9
2020-05-20,1140,,11795,2480,99,9216,208,4,455,1.9
2020-05-21,366,,12203,2661,104,9438,181,5,408,2
2020-05-22,878,,12592,2859,107,9626,198,3,389,1.8
2020-05-23,696,,12955,3124,113,9718,265,6,363,2.6
2020-05-24,545,,13339,3452,133,9754,328,20,384,2.9
2020-05-25,701,,13713,3590,138,9985,138,5,374,1.6
2020-05-26,754,,14076,3744,150,10182,154,12,363,1.5
2020-05-27,190,,14463,4458,158,9847,714,8,387,1.5
2020-05-28,769,,14846,4783,167,9896,325,9,383,1.6
2020-05-29,919,,15215,5113,178,9924,330,11,369,1.5
2020-05-30,744,,15580,5373,191,10016,260,13,365,2.4
2020-05-31,565,,15949,5680,204,10065,307,13,369,2.9
2020-06-01,744,,16313,5748,213,10352,68,9,364,1.4
2020-06-02,674,,16689,6008,223,10458,260,10,376,1.3
2020-06-03,775,,17069,6331,240,10498,323,17,380,1.3
2020-06-04,655,,17444,6695,264,10485,364,24,375,1.6
2020-06-05,785,,17822,7076,291,10455,381,27,378,1.4
2020-06-06,599,,18169,7462,346,10361,386,55,347,2.5
2020-06-07,454,,18509,7759,377,10373,297,31,340,2.6
2020-06-08,1029,,18835,7915,392,10528,156,15,326,1.2
2020-06-09,718,,19153,8101,433,10619,186,41,318,1.2
2020-06-10,612,,19466,8521,482,10463,420,49,313,1.2
2020-06-11,661,,19769,8864,520,10385,343,38,303,1.2
2020-06-12,759,,20043,9276,561,10206,412,41,274,2.1
2020-06-13,519,,20305,9561,569,10175,285,8,262,2.2
2020-06-14,489,,20561,9677,597,10287,116,28,256,2.5
2020-06-15,693,,20813,9739,635,10439,62,38,252,1
2020-06-16,473,,21047,9971,689,10387,232,54,234,1
2020-06-17,769,,21275,10687,727,9861,716,38,228,1
2020-06-18,569,,21506,11324,756,9426,637,29,231,0.9
2020-06-19,457,,21734,12171,793,8770,847,37,228,1
2020-06-20,414,,21966,12965,814,8187,794,21,232,2.1
2020-06-21,189,,22195,13463,840,7892,498,26,229,2.4
2020-06-22,550,,22412,13647,869,7896,184,29,217,0.9
2020-06-23,163,,22632,13868,904,7860,221,35,220,0.8
2020-06-24,358,,22850,14511,942,7397,643,38,218,1.9
2020-06-25,446,,23071,15100,961,7010,589,19,221,0.8
2020-06-26,525,,23294,15495,1008,6791,395,47,223,0.8
2020-06-27,358,,23518,16211,1065,6242,716,57,224,1.8
2020-06-28,216,,23735,16809,1086,5840,598,21,217,2.3
2020-06-29,375,,23954,17056,1105,5793,247,19,219,0.7
2020-06-30,356,,24207,17310,1136,5761,254,31,253,0.9
2020-07-01,242,,24469,18155,1182,5132,845,46,262,2
2020-07-02,298,,24727,19004,1227,4496,849,45,258,0.8
2020-07-03,314,,24990,19495,1272,4223,491,45,263,0.7
2020-07-04,218,,25261,19746,1303,4212,251,31,271,1.9
2020-07-05,223,,25536,19994,1345,4197,248,42,275,2.6
2020-07-06,239,,25816,20174,1389,4253,180,44,280,0.7
2020-07-07,250,,26094,20359,1437,4298,185,48,278,0.7
2020-07-08,293,,26389,20552,1484,4353,193,47,295,0.7
2020-07-09,180,,26681,20734,1520,4427,182,36,292,0.7
2020-07-10,237,,26981,20890,1541,4550,156,21,300,0.7
2020-07-11,240,,27277,21071,1583,4623,181,42,296,2.1
2020-07-12,127,,27570,21233,1603,4734,162,20,293,2.3
2020-07-13,236,,27861,21385,1626,4850,152,23,291,0.7
2020-07-14,152,,28142,21579,1657,4906,194,31,281,0.6
2020-07-15,218,,28406,21746,1676,4984,167,19,264,0.7
2020-07-16,212,,28662,21895,1698,5069,149,22,256,0.7
2020-07-17,258,,28906,22051,1728,5127,156,30,244,0.6
2020-07-18,238,,29144,22212,1755,5177,161,27,238,1.6
2020-07-19,168,,29346,22313,1781,5252,101,26,202,2.1
2020-07-20,204,,29541,22425,1807,5309,112,26,195,0.7
2020-07-21,280,,29730,22518,1834,5378,93,27,189,0.6
2020-07-22,256,,29916,22613,1862,5441,95,28,186,0.8
2020-07-23,186,,30100,22714,1881,5505,101,19,184,0.7
2020-07-24,216,,30281,22807,1908,5566,93,27,181,0.7
2020-07-25,172,,30460,22889,1936,5635,82,28,179,2.1
2020-07-26,135,,30635,22968,1945,5722,79,9,175,1.9
2020-07-27,,,30807,23043,1955,5809,75,10,172,0.6
2020-07-28,205,,30975,23124,1978,5873,81,23,168,0.8
2020-07-29,219,,31140,23199,2001,5940,75,23,165,0.7
2020-07-30,194,,31302,23292,2023,5987,93,22,162,0.7
2020-07-31,225,,31461,23370,2043,6048,78,20,159,0.9
2020-08-01,153,,31622,23466,2052,6104,96,9,161,1.7
2020-08-02,125,,31785,23552,2056,6177,86,4,163,2.1
2020-08-03,233,,31945,23627,2062,6256,75,6,160,0.7
2020-08-04,214,,32103,23712,2084,6307,85,22,158,0.8
2020-08-05,224,,32259,23749,2102,6408,37,18,156,0.7
2020-08-06,205,,32418,23833,2118,6467,84,16,159,0.6
2020-08-07,242,,32575,23926,2136,6513,93,18,157,0.6
2020-08-08,124,,32730,24009,2146,6575,83,10,155,1.6
2020-08-09,77,,32890,24042,2149,6699,33,3,160,2
2020-08-10,246,,33047,24087,2156,6804,45,7,157,0.6
2020-08-11,208,,33204,24165,2176,6863,78,20,157,0.7
2020-08-12,186,,33365,24258,2188,6919,93,12,161,0.7
2020-08-13,226,,33525,24354,2203,6968,96,15,160,0.6
2020-08-14,225,,33684,24426,2225,7033,72,22,159,0.6
2020-08-15,161,,33846,24502,2245,7099,76,20,162,1.7
2020-08-16,131,,34009,24555,2255,7199,53,10,163,2
2020-08-17,186,,34168,24624,2257,7287,69,2,159,0.6
2020-08-18,181,,34325,24707,2276,7342,83,19,157,0.6
2020-08-19,240,,34487,24793,2293,7401,86,17,162,0.6
2020-08-20,164,,34647,24876,2308,7463,83,15,160,0.6
2020-08-21,201,,34828,24977,2314,7537,101,6,181,0.6
2020-08-22,115,,35011,25087,2332,7592,110,18,183,1.6
2020-08-23,109,,35191,25150,2342,7699,63,10,180,2.3
2020-08-24,182,,35373,25215,2342,7816,65,0,182,0.7
2020-08-25,217,,35552,25304,2357,7891,89,15,179,0.6
2020-08-26,173,,35733,25379,2375,7979,75,18,181,0.7
2020-08-27,172,,35917,25444,2392,8081,65,17,184,0.9
2020-08-28,138,,36104,25530,2401,8173,86,9,187,0.8
2020-08-29,128,,36293,25625,2416,8252,95,15,189,1.8
2020-08-30,84,,36479,25693,2421,8365,68,5,186,2.3
2020-08-31,215,,36667,25789,2421,8457,96,0,188,0.7
2020-09-01,205,,36852,25875,2440,8537,86,19,185,0.6
2020-09-02,201,,37041,25981,2461,8599,106,21,189,0.5
2020-09-03,180,,37232,26093,2483,8656,112,22,191,0.5
2020-09-04,245,,37425,26194,2503,8728,101,20,193,0.5
2020-09-05,160,,37620,26290,2522,8808,96,19,195,1.8
2020-09-06,129,,37812,26365,2532,8915,75,10,192,2.4
2020-09-07,237,,38008,26430,2532,9046,65,0,196,0.5
2020-09-08,243,,38218,26553,2552,9113,123,20,210,0.5
2020-09-09,200,,38436,26664,2574,9198,111,22,218,0.6
2020-09-10,231,,38651,26776,2590,9285,112,16,215,0.8
2020-09-11,233,,38867,26881,2607,9379,105,17,216,0.6
2020-09-12,185,,39070,26986,2630,9454,105,23,203,1.9
2020-09-13,157,,39276,27090,2650,9536,104,20,206,2.4
2020-09-14,180,,39475,27190,2650,9635,100,0,199,0.6
2020-09-15,269,,39681,27294,2676,9711,104,26,206,0.5
2020-09-16,257,,39888,27399,2701,9788,105,25,207,0.6
2020-09-17,213,,40099,27506,2725,9868,107,24,211,0.6
2020-09-18,281,,40305,27610,2744,9951,104,19,206,0.6
2020-09-19,207,,40517,27717,2762,10038,107,18,212,1.8
2020-09-20,176,,40731,27825,2777,10129,108,15,214,2.3
2020-09-21,287,,40940,27930,2777,10233,105,0,209,0.6
2020-09-22,299,,41151,28036,2802,10313,106,25,211,0.5
2020-09-23,262,,41359,28141,2817,10401,105,15,208,0.4
2020-09-24,303,,41574,28251,2839,10484,110,22,215,0.4
2020-09-25,292,,41798,28461,2858,10479,210,19,224,0.4
2020-09-26,232,,42030,28577,2885,10568,116,27,232,1.5
2020-09-27,232,,42257,28691,2894,10672,114,9,227,2.1
2020-09-28,308,,42494,28810,2894,10790,119,0,237,0.5
2020-09-29,356,,42745,28936,2924,10885,126,30,251,0.5
2020-09-30,330,,43021,29074,2950,10997,138,26,276,0.5
2020-10-01,353,,43306,29217,2972,11117,143,22,285,0.5
2020-10-02,398,,43608,29368,3004,11236,151,32,302,0.5
2020-10-03,258,,43966,29547,3034,11385,179,30,358,1.8
2020-10-04,217,,44358,29743,3059,11556,196,25,392,2.5
2020-10-05,375,,44765,29947,3073,11745,204,14,407,0.6
2020-10-06,432,,45176,30153,3107,11916,206,34,411,0.7
2020-10-07,358,,45632,30381,3137,12114,228,30,456,0.6
2020-10-08,386,,46093,30612,3162,12319,231,25,461,0.7
2020-10-09,404,,46562,30847,3184,12531,235,22,469,0.6
2020-10-10,410,,47063,31098,3220,12745,251,36,501,1.8
2020-10-11,244,,47591,31362,3241,12988,264,21,528,2.5
2020-10-12,269,,48129,31631,3241,13257,269,0,538,0.8
2020-10-13,501,,48686,31909,3275,13502,278,34,557,0.7
2020-10-14,388,,49288,32209,3305,13774,300,30,602,0.7
2020-10-15,430,,49926,32528,3351,14047,319,46,638,0.7
2020-10-16,417,,50573,32850,3376,14347,322,25,647,0.7
2020-10-17,454,,51232,33180,3376,14676,330,0,659,2
2020-10-18,332,,51906,33517,3422,14967,337,46,674,2.7
2020-10-19,316,,52592,33857,3422,15313,340,0,686,0.9
2020-10-20,564,,53287,34205,3460,15622,348,38,695,0.8
2020-10-21,473,,53971,34548,3509,15914,343,49,684,0.8
2020-10-22,475,,54668,34897,3533,16238,349,24,697,0.9
2020-10-23,483,,55378,35252,3565,16561,355,32,710,0.9
2020-10-24,546,,56091,35653,3602,16836,401,37,713,2.1
2020-10-25,395,,56800,36040,3627,17133,387,25,709,2.6
2020-10-26,354,,57515,36430,3627,17458,390,0,715,1.1
2020-10-27,642,,58236,36833,3674,17729,403,47,721,1.1
2020-10-28,625,,58963,37248,3731,17984,415,57,727,1.1
2020-10-29,620,,59721,37672,3765,18284,424,34,758,1.1
2020-10-30,618,,60522,38089,3801,18632,417,36,801,1.1
2020-10-31,639,,61376,38530,3843,19003,441,42,854,2.2
2020-11-01,451,,62272,38987,3872,19413,457,29,896,2.6
2020-11-02,487,,63195,39436,3873,19886,449,1,923,1.2
2020-11-03,707,,64139,39920,3932,20287,484,59,944,1.2
2020-11-04,658,,65170,40447,3998,20725,527,66,1031,2.4
2020-11-05,682,,66263,40970,4024,21269,523,26,1093,1.2
2020-11-06,807,,67434,41533,4078,21823,563,54,1171,1.2
2020-11-07,806,,68692,42184,4131,22377,651,53,1258,2.2
2020-11-08,652,,70023,42789,4162,23072,605,31,1331,2.7
2020-11-09,556,,71426,43501,4181,23744,712,19,1403,1
2020-11-10,769,,72911,44252,4243,24416,751,62,1485,0.9
2020-11-11,790,,74485,45032,4317,25136,780,74,1574,1
2020-11-12,854,,76152,45871,4385,25896,839,68,1667,1
2020-11-13,840,,77908,46783,4446,26679,912,61,1756,1
2020-11-14,823,,79760,47726,4510,27524,943,64,1852,2.3
2020-11-15,570,,81704,48663,4551,28490,937,41,1944,2.8
2020-11-16,520,,83743,49733,4551,29459,1070,0,2039,1.1
2020-11-17,825,,85873,50831,4620,30422,1098,69,2130,1.1
2020-11-18,790,,88088,51999,4691,31398,1168,71,2215,1.2
2020-11-19,783,,90400,53200,4763,32437,1201,72,2312,1.1
2020-11-20,799,,92794,54429,4826,33539,1229,63,2394,1.1
2020-11-21,737,,95270,55704,4896,34670,1275,70,2476,2.3
2020-11-22,593,,97938,57039,4953,35946,1335,57,2668,2.9
2020-11-23,566,,100864,58488,4973,37403,1449,20,2926,1.1
2020-11-24,917,,104043,60116,5053,38874,1628,80,3179,1.1
2020-11-25,826,,107464,61885,5138,40441,1769,85,3421,1.1
2020-11-26,826,,111133,63747,5217,42169,1862,79,3669,1.1
2020-11-27,884,,114820,65645,5280,43895,1898,63,3687,1.1
2020-11-28,874,,118515,67636,5350,45529,1991,70,3695,2.4
2020-11-29,567,,122216,69471,5412,47333,1835,62,3701,2.8
2020-11-30,597,,125907,71301,5432,49174,1830,20,3691,1.1
2020-12-01,896,,129604,73191,5517,50896,1890,85,3697,1.1
2020-12-02,827,,133288,75064,5599,52625,1873,82,3684,1.1
2020-12-03,817,,136980,78004,5668,53308,2940,69,3692,1.1
2020-12-04,823,,140674,80441,5725,54508,2437,57,3694,1.2
2020-12-05,859,,144400,83558,5783,55059,3117,58,3726,2.4
2020-12-06,703,,148153,85461,5830,56862,1903,47,3753,2.9
2020-12-07,612,,151894,86158,5861,59875,697,31,3741,1.2
2020-12-08,933,,155628,87969,5947,61712,1811,86,3734,1.1
2020-12-09,850,,159389,89890,6030,63469,1921,83,3761,1.2
2020-12-10,881,,163163,91808,6109,65246,1918,79,3774,1.1
2020-12-11,893,,166942,94188,6178,66576,2380,69,3779,1.2
2020-12-12,886,,170718,96557,6257,67904,2369,79,3776,2.4
2020-12-13,736,,174486,98708,6324,69454,2151,67,3768,2.9
2020-12-14,649,,178257,100611,6388,71258,1903,64,3771,1.2
2020-12-15,1033,,182022,102497,6460,73065,1886,72,3765,1.1
2020-12-16,966,,185780,105665,6529,73586,3168,69,3758,1.1
2020-12-17,979,,189543,108731,6608,74204,3066,79,3763,1.1
2020-12-18,913,,193300,111781,6692,74827,3050,84,3757,1.1
2020-12-19,893,,197054,114806,6767,75481,3025,75,3754,2.3
2020-12-20,751,546,200813,117132,6840,76841,2326,73,3759,2.8
2020-12-21,632,689,204565,119002,6917,78646,1870,77,3752,1.1
2020-12-22,974,1050,208325,120901,6999,80425,1899,82,3760,1.1
2020-12-23,903,1560,212074,123518,7074,81482,2617,75,3749,1.1
2020-12-24,1028,2186,215830,126171,7146,82513,2653,72,3756,1.1
2020-12-25,936,3043,219581,129205,7222,83154,3034,76,3751,1.1
2020-12-26,916,3894,223336,133111,7304,82921,3906,82,3755,2
2020-12-27,773,4195,227097,136239,7378,83480,3128,74,3761,2.6
2020-12-28,694,4283,230845,138487,7453,84905,2248,75,3748,1.2
2020-12-29,851,4913,234602,140596,7532,86474,2109,79,3757,1.2
2020-12-30,881,5372,238366,144874,7610,85882,4278,78,3764,1.4
2020-12-31,869,5885,242124,148447,7694,85983,3573,84,3758,2.9
2021-01-01,638,5942,245870,151505,7769,86596,3058,75,3746,3.7
2021-01-02,570,5942,249612,152450,7845,89317,945,76,3742,3.3
2021-01-03,690,6066,253350,153356,7925,92069,906,80,3738,3
2021-01-04,717,6269,257007,154982,8004,94021,1626,79,3657,2.6
2021-01-05,792,7014,260656,156711,8077,95868,1729,73,3649,2.6
2021-01-06,794,8067,263997,158499,8135,97363,1788,58,3341,2.6
2021-01-07,799,9347,267002,160335,8204,98463,1836,69,3005,2.9
2021-01-08,725,10127,270019,162091,8259,99669,1756,55,3017,2.7
2021-01-09,698,11597,273025,163732,8328,100965,1641,69,3006,2.8
2021-01-10,670,13007,276035,166416,8378,101241,2684,50,3010,3.1
2021-01-11,596,13692,279039,168289,8420,102330,1873,42,3004,1.2
2021-01-12,823,15352,281770,169547,8488,103735,1258,68,2731,1.2
2021-01-13,785,17025,284773,172972,8566,103235,3425,78,3003,1.2
2021-01-14,750,18477,287814,176523,8649,102642,3551,83,3041,1.2
2021-01-15,718,19885,290908,180438,8721,101749,3915,72,3094,1.2
2021-01-16,710,21872,294161,184063,8788,101310,3625,67,3253,2.7
2021-01-17,493,22349,297477,187135,8847,101495,3072,59,3316,3
2021-01-18,463,24817,300764,188303,8902,103559,1168,55,3287,1.1
2021-01-19,676,27499,304045,190562,8971,104512,2259,69,3281,1.1
2021-01-20,565,30159,307392,193417,9043,104932,2855,72,3347,1.1
2021-01-21,607,32453,310504,197611,9122,103771,4194,79,3112,1.1
2021-01-22,611,35031,313608,202307,9181,102120,4696,59,3104,1.1
2021-01-23,489,35920,316664,206512,9254,100898,4205,73,3056,2.5
2021-01-24,373,36225,319593,208772,9315,101506,2260,61,2929,2.9
2021-01-25,415,,321709,209671,9374,102664,899,59,2116,1.1
2021-01-26,593,39441,323219,212093,9432,101694,2422,58,1510,1
2021-01-27,521,43542,325032,217888,9502,97642,5795,70,1813,1
2021-01-28,610,49408,327160,222012,9571,95577,4124,69,2128,1
2021-01-29,498,56068,329444,225640,9622,94182,3628,51,2284,1
2021-01-30,546,61894,331956,229049,9686,93221,3409,64,2512,2.4
2021-01-31,335,64812,334116,230486,9733,93897,1437,47,2160,2.9
2021-02-01,343,66060,335958,231759,9786,94413,1273,53,1842,1.1
2021-02-02,549,72334,337442,233683,9851,93908,1924,65,1484,1
2021-02-03,491,78954,339358,237310,9906,92142,3627,55,1916,1.1
2021-02-04,436,86479,340929,240463,9959,90507,3153,53,1571,1.1
2021-02-05,421,94463,342392,243475,9997,88920,3012,38,1463,1.1
2021-02-06,384,102304,343640,245947,10042,87651,2472,45,1248,2.5
2021-02-07,260,106894,344815,248286,10081,86448,2339,39,1175,2.9
2021-02-08,251,109085,346366,249376,10122,86868,1090,41,1551,1.1
2021-02-09,376,117500,347444,253115,10183,84146,3739,61,1078,1
2021-02-10,346,126473,348613,256704,10237,81672,3589,54,1169,1.1
2021-02-11,401,135606,349740,260037,10298,79405,3333,61,1127,1.1
2021-02-12,381,144493,350874,263483,10356,77035,3446,58,1134,1.1
2021-02-13,350,153767,352004,266161,10408,75435,2678,52,1130,2.4
2021-02-14,280,158563,353103,267706,10463,74934,1545,55,1099,2.8
2021-02-15,257,160626,354196,269203,10512,74481,1497,49,1093,1.1
2021-02-16,404,168745,355278,272134,10560,72584,2931,48,1082,1
2021-02-17,384,178247,356381,275016,10597,70768,2882,37,1103,1
2021-02-18,443,187661,357475,278250,10639,68586,3234,42,1094,1.1
2021-02-19,365,196173,358562,281926,10686,65950,3676,47,1087,1
2021-02-20,412,205343,359654,284622,10738,64294,2696,52,1092,1.2
2021-02-21,405,213220,360650,286972,10787,62891,2350,49,996,2.6
2021-02-22,265,215407,361607,287990,10834,62783,1018,47,957,2.5
2021-02-23,245,217384,362520,289713,10875,61932,1723,41,913,2.9
2021-02-24,259,219125,363429,291203,10912,61314,1490,37,909,1
2021-02-25,430,226188,364340,293504,10960,59876,2301,48,911,0.9
2021-02-26,427,234180,365287,295171,11000,59116,1667,40,947,0.9
2021-02-27,432,242383,366238,297709,11039,57490,2538,39,951,2.3
2021-02-28,259,245941,367177,298937,11077,57163,1228,38,939,2.7
2021-03-01,265,246000,368120,300257,11112,56751,1320,35,943,0.9
2021-03-02,420,253674,369057,302916,11161,54980,2659,49,937,0.8
2021-03-03,333,260505,370019,305551,11200,53268,2635,39,962,0.8
2021-03-04,378,267676,371005,308160,11248,51597,2609,48,986,0.8
2021-03-05,436,274018,371988,310751,11274,49963,2591,26,983,0.8
2021-03-06,357,280053,372963,313501,11313,48149,2750,39,975,2.1
2021-03-07,248,282668,373931,314903,11350,47678,1402,37,968,2.4
2021-03-08,191,283625,374887,316314,11393,47180,1411,43,956,2.7
2021-03-09,231,284395,375828,317686,11435,46707,1372,42,941,1
2021-03-10,352,288855,376787,320435,11487,44865,2749,52,959,0.9
2021-03-11,369,294706,377748,323240,11527,42981,2805,40,961,0.9
2021-03-12,344,299771,378705,326101,11573,41031,2861,46,957,0.9
2021-03-13,374,305182,379648,328427,11619,39602,2326,46,943,2.3
2021-03-14,226,306878,380585,329268,11656,39661,841,37,937,2.8
2021-03-15,253,307609,381518,329952,11701,39865,684,45,933,0.9
2021-03-16,337,311530,382434,331126,11743,39565,1174,42,916,0.8
2021-03-17,363,315693,383361,332123,11773,39465,997,30,927,0.8
2021-03-18,308,319463,384279,334164,11806,38309,2041,33,918,0.8
2021-03-19,362,322794,385200,336191,11844,37165,2027,38,921,0.9
2021-03-20,327,326049,386099,337264,11880,36955,1073,36,899,2.2
2021-03-21,226,327587,386980,337555,11917,37508,291,37,881,2.7
2021-03-22,224,328615,387845,337800,11952,38093,245,35,865,1
2021-03-23,327,332322,388657,339163,11994,37500,1363,42,812,0.9
2021-03-24,308,336769,389464,339868,12029,37567,705,35,807,0.8
2021-03-25,313,341316,390268,341141,12066,37061,1273,37,804,0.9
2021-03-26,334,346914,391050,342756,12102,36192,1615,36,782,0.9
2021-03-27,323,354154,391799,343948,12134,35717,1192,32,749,2
2021-03-28,197,358131,392500,344728,12167,35605,780,33,701,2.4
2021-03-29,221,359843,393197,345441,12197,35559,713,30,697,0.6
2021-03-30,363,368057,393916,346502,12233,35181,1061,36,719,0.7
2021-03-31,333,376357,394631,347480,12270,34881,978,37,715,0.7
2021-04-01,324,384078,395341,348581,12301,34459,1101,31,710,0.6
2021-04-02,323,392126,396049,349618,12330,34101,1037,29,708,0.7
2021-04-03,343,401057,396766,350637,12366,33763,1019,36,717,2.1
2021-04-04,205,405074,397477,351592,12394,33491,955,28,711,2.6
2021-04-05,259,406838,398184,352408,12421,33355,816,27,707,0.7
2021-04-06,342,414934,398886,353750,12452,32684,1342,31,702,0.7
2021-04-07,298,423594,399591,354689,12488,32414,939,36,705,0.6
2021-04-08,287,432606,400286,355627,12521,32138,938,33,695,0.7
2021-04-09,299,441581,400989,356556,12551,31882,929,30,703,0.6
2021-04-10,328,450728,401688,357509,12582,31597,953,31,699,2
2021-04-11,199,454890,402382,357577,12601,32204,68,19,694,2.3
2021-04-12,188,456549,403088,357829,12635,32624,252,34,706,0.5
2021-04-13,274,463705,403789,359023,12665,32101,1194,30,701,0.5
2021-04-14,299,471559,404508,360000,12693,31815,977,28,719,0.6
2021-04-15,292,479424,405220,361456,12720,31044,1456,27,712,0.5
2021-04-16,291,487411,405924,361875,12750,31299,419,30,704,0.5
2021-04-17,317,495390,406625,362621,12782,31222,746,32,701,1.7
2021-04-18,213,498558,407320,362784,12811,31725,163,29,695,2.2
2021-04-19,186,499808,408012,363116,12837,32059,332,26,692,0.5
2021-04-20,299,505902,408699,364729,12872,31098,1613,35,687,0.5
2021-04-21,292,512964,409392,365900,12906,30586,1171,34,693,0.7
2021-04-22,281,519952,410074,366806,12941,30327,906,35,682,0.5
2021-04-23,305,527069,410768,367807,12978,29983,1001,37,694,0.6
2021-04-24,333,534166,411457,368819,13017,29621,1012,39,689,1.9
2021-04-25,204,537313,412158,369792,13045,29321,973,28,701,2.5
2021-04-26,188,538558,412864,370626,13082,29156,834,37,706,0.7
2021-04-27,303,544646,413576,371598,13120,28858,972,38,712,0.6
2021-04-28,288,551333,414299,372685,13154,28460,1087,34,723,0.5
2021-04-29,307,557301,415015,373725,13181,28109,1040,27,716,0.5
2021-04-30,334,563306,415740,374736,13214,27790,1011,33,725,0.5
2021-05-01,228,568822,416477,375714,13248,27515,978,34,737,2.1
2021-05-02,213,570335,417195,376696,13284,27215,982,36,718,2.3
2021-05-03,207,571291,417899,377451,13318,27130,755,34,704,2.3
2021-05-04,234,573057,418608,378252,13352,27004,801,34,709,1.6
2021-05-05,287,576666,419319,379125,13385,26809,873,33,711,1.4
2021-05-06,323,580463,420034,380006,13420,26608,881,35,715,1.6
2021-05-07,327,584290,420756,380877,13451,26428,871,31,722,1.5
2021-05-08,353,588223,421482,381738,13485,26259,861,34,726,2.3
2021-05-09,273,590322,422211,382559,13522,26130,821,37,729,2.2
2021-05-10,241,590953,422935,383291,13552,26092,732,30,724,2.3
2021-05-11,302,592573,423652,384100,13587,25965,809,35,717,0.3
2021-05-12,379,596806,424386,385033,13626,25727,933,39,734,0.3
2021-05-13,433,602027,425127,386075,13657,25395,1042,31,741,0.4
2021-05-14,407,606880,425866,387239,13692,24935,1164,35,739,0.3
2021-05-15,446,615014,426615,388915,13726,23974,1676,34,749,1.6
2021-05-16,339,619580,427382,389984,13762,23636,1069,36,767,2.1
2021-05-17,254,621865,428145,390650,13801,23694,666,39,763,0.3
2021-05-18,443,626822,428917,391682,13844,23391,1032,43,772,0.3
2021-05-19,403,632212,429701,393109,13881,22711,1427,37,784,0.3
2021-05-20,413,638252,430492,394610,13921,21961,1501,40,791,0.4
2021-05-21,397,643893,431307,395876,13964,21467,1266,43,815,0.5
2021-05-22,421,649986,432140,397203,13999,20938,1327,35,833,1.7
2021-05-23,284,652750,432982,397617,14039,21326,414,40,842,2.5
2021-05-24,270,653932,433833,397733,14077,22023,116,38,851,0.5
2021-05-25,462,659835,434677,398999,14123,21555,1266,46,844,0.4
2021-05-26,404,665943,435516,400160,14162,21194,1161,39,839,0.7
2021-05-27,443,671816,436352,401551,14193,20608,1391,31,836,0.5
2021-05-28,421,677650,437192,402723,14226,20243,1172,33,840,0.5
2021-05-29,443,684087,438038,403971,14267,19800,1248,41,846,1.7
2021-05-30,321,687097,438867,404469,14306,20092,498,39,829,2.1
2021-05-31,329,688078,439689,405282,14346,20061,813,40,822,0.5
2021-06-01,510,694264,440506,406531,14384,19591,1249,38,817,0.4
2021-06-02,,700711,441334,407531,14420,19383,1000,36,828,0.4
2021-06-03,,,442175,408770,14459,18946,1239,39,841,0.4
2021-06-04,,,443009,409822,14496,18691,1052,37,834,0.4
2021-06-05,,,443866,410925,14537,18404,1103,41,857,1.5
2021-06-06,,,444727,411822,14580,18325,897,43,861,1.9
2021-06-07,,,445581,412711,14620,18250,889,40,854,0.4
2021-06-08,,727760,446427,413956,14669,17802,1245,49,846,0.3
2021-06-09,,734139,447279,415587,14717,16975,1631,48,852,0.4
2021-06-10,,,448138,416973,14760,16405,1386,43,859,0.3
2021-06-11,,745540,449001,418057,14805,16139,1084,45,863,0.4
2021-06-12,,,449868,419264,14850,15754,1207,45,867,1.7
2021-06-13,,,450730,420356,14898,15476,1092,48,862,2
2021-06-14,,,451595,421315,14946,15334,959,48,865,1.7
2021-06-15,,756657,452497,422228,14999,15270,913,53,902,0.4
2021-06-16,,762863,453424,423665,15062,14697,1437,63,927,0.4
2021-06-17,,770091,454370,425422,15123,13825,1757,61,946,0.4
2021-06-18,,778047,455340,426877,15202,13261,1455,79,970,0.4
2021-06-19,,,456336,428256,15268,12812,1379,66,996,1.6
2021-06-20,811,,457355,428695,15341,13319,439,73,1019,2
2021-06-21,1156,,458401,429120,15421,13860,425,80,1046,0.6
2021-06-22,1127,801763,459466,430992,15503,12971,1872,82,1065,0.6
2021-06-23,1141,811895,460558,432842,15596,12120,1850,93,1092,0.6
2021-06-24,1206,822815,461701,434811,15695,11195,1969,99,1143,0.6
2021-06-25,1180,834932,462895,436708,15793,10394,1897,98,1194,0.6
2021-06-26,908,848787,464142,439041,15900,9201,2333,107,1247,1.7
2021-06-27,840,,465440,440392,16006,9042,1351,106,1298,2.1
2021-06-28,1134,858869,466775,441696,16116,8963,1304,110,1335,0.6
2021-06-29,1091,872945,468149,443979,16235,7935,2283,119,1374,0.5
2021-06-30,996,888856,469652,445959,16346,7347,1980,111,1503,0.5
2021-07-01,936,906373,471264,447926,16461,6877,1967,115,1612,0.5
2021-07-02,974,924844,472935,450711,16562,5662,2785,101,1671,0.6
2021-07-03,725,945439,474668,453301,16672,4695,2590,110,1733,
2021-07-04,613,953640,476452,454452,16776,5224,1151,104,1784,2
2021-07-05,819,958354,478280,455195,16876,6209,743,100,1828,0.5
2021-07-06,792,977811,480149,457742,16975,5432,2547,99,1869,0.5
2021-07-07,789,998316,482055,460687,17082,4286,2945,107,1906,0.5
2021-07-08,723,1020031,483992,464074,17183,2735,3387,101,1937,0.6
2021-07-09,700,1041564,485943,467942,17290,711,3868,107,1951,0.6
2021-07-10,558,,487921,467994,17392,2535,52,102,1978,1.7
2021-07-11,460,1069800,489928,468969,17495,3464,975,103,2007,2.1
2021-07-12,749,1074196,491957,469748,17599,4610,779,104,2029,0.5
2021-07-13,656,1092951,493893,471562,17707,4624,1814,108,1936,0.5
2021-07-14,677,1113515,495835,473458,17809,4568,1896,102,1942,0.5
2021-07-15,658,1133300,497789,475384,17917,4488,1926,108,1954,0.5
2021-07-16,662,1152176,499737,477316,18018,4403,1932,101,1948,0.6
2021-07-17,456,1172283,501694,479243,18123,4328,1927,105,1957,1.6
2021-07-18,502,,503635,479702,18224,5709,459,101,1941,2
2021-07-19,547,1183773,505573,481000,18326,6247,1298,102,1938,0.5
2021-07-20,502,1197191,507507,482894,18424,6189,1894,98,1934,0.5
2021-07-21,446,1212653,509446,484822,18527,6097,1928,103,1939,0.5
2021-07-22,455,1227496,511389,486753,18622,6014,1931,95,1943,0.6
2021-07-23,441,1243497,513329,488690,18690,5949,1937,68,1940,0.6
2021-07-24,285,1258577,515266,490621,18763,5882,1931,73,1937,1.6
2021-07-25,316,,517200,492550,18840,5810,1929,77,1934,2
2021-07-26,530,1267441,519129,493848,18910,6371,1298,70,1929,0.5
2021-07-27,,1280228,521052,495766,18972,6314,1918,62,1923,0.5
2021-07-28,,1293161,522970,497738,19040,6192,1972,68,1918,0.6
2021-07-29,,1305648,524895,499725,19104,6066,1987,64,1925,0.5
2021-07-30,,1316789,526811,501690,19171,5950,1965,67,1916,0.6
2021-07-31,,1328491,528726,503621,19245,5860,1931,74,1915,1.8
2021-08-01,,,530637,505321,19312,6004,1700,67,1911,2.2
2021-08-02,186,,532551,506156,19372,7023,835,60,1914,0.7
2021-08-03,245,,534461,508079,19427,6955,1923,55,1910,0.6
2021-08-04,285,,536367,510050,19481,6836,1971,54,1906,0.5
2021-08-05,290,,538278,512048,19526,6704,1998,45,1911,0.5
2021-08-06,290,,540187,514091,19570,6526,2043,44,1909,0.6
2021-08-07,234,1334850,542091,516117,19623,6351,2026,53,1904,2.1
2021-08-08,176,1342952,543998,517092,19668,7238,975,45,1907,2
2021-08-09,175,1349005,545893,517896,19708,8289,804,40,1895,0.6
2021-08-10,300,1372785,547704,519868,19757,8079,1972,49,1811,0.5
2021-08-11,305,1384884,549508,521899,19800,7809,2031,43,1804,0.5
2021-08-12,276,1387027,551309,524188,19848,7273,2289,48,1801,0.5
2021-08-13,273,1394539,553119,526189,19890,7040,2001,42,1810,0.5
2021-08-14,203,1402277,554942,528088,19938,6916,1899,48,1823,1.7
2021-08-15,145,1409538,556610,529649,19981,6980,1561,43,1668,2.1
2021-08-16,178,1412331,557993,531443,20025,6525,1794,44,1383,0.6
2021-08-17,256,1414122,559149,532759,20077,6313,1316,52,1156,0.5
2021-08-18,276,1420721,560785,534545,20117,6123,1786,40,1636,0.5
2021-08-19,277,1427464,562348,539900,20149,2299,5355,32,1563,0.6
2021-08-20,235,1433355,564039,541746,20188,2105,1846,39,1691,0.6
2021-08-21,220,1439344,565704,543569,20226,1909,1823,38,1665,1.8
2021-08-22,176,1445283,567185,544009,20265,2911,440,39,1481,2.1
2021-08-23,160,1447715,567876,544885,20303,2688,876,38,691,0.6
2021-08-24,251,1449025,568476,545686,20342,2448,801,39,600,0.6
2021-08-25,247,1453827,569861,546578,20372,2911,892,30,1385,0.6
2021-08-26,236,1458772,571162,547501,20410,3251,923,38,1301,0.6
2021-08-27,232,1464017,572557,548797,20443,3317,1296,33,1395,0.6
2021-08-28,195,1469231,573963,550175,20479,3309,1378,36,1406,1.6
2021-08-29,127,1474215,575281,550832,20517,3932,657,38,1318,2.1
2021-08-30,175,1476252,575830,551394,20552,3884,562,35,549,0.5
2021-08-31,265,1477339,576343,552760,20583,3000,1366,31,513,0.6
2021-09-01,247,1481860,577655,553799,20617,3239,1039,34,1312,0.5
2021-09-02,259,1486073,578985,555095,20654,3236,1296,37,1330,0.4
2021-09-03,243,,580422,556498,20692,3232,1403,38,1437,0.5
2021-09-04,210,1494083,581916,557726,20727,3463,1228,35,1494,1.8
2021-09-05,176,1498236,583273,558157,20763,4353,431,36,1357,2.2
2021-09-06,178,1499906,583963,558747,20803,4413,590,40,690,0.4
2021-09-07,290,1500754,584589,559606,20840,4143,859,37,626,0.4
2021-09-08,271,1506578,586019,560569,20877,4573,963,37,1430,0.4
2021-09-09,288,1506578,587399,561707,20904,4788,1138,27,1380,0.4
2021-09-10,310,1528627,588903,562850,20936,5117,1143,32,1504,0.4
2021-09-11,208,1539177,590532,564105,20975,5452,1255,39,1629,1.7
2021-09-12,166,1550604,592129,564397,21017,6715,292,42,1597,2.2
2021-09-13,193,1554838,592934,564659,21056,7219,262,39,805,
2021-09-14,300,1556932,593773,565361,21093,7319,702,37,839,
2021-09-15,349,1565916,595382,566263,21131,7988,902,38,1609,
2021-09-16,333,1575623,597035,567280,21170,8585,1017,39,1653,
2021-09-17,344,1584828,598773,568341,21209,9223,1061,39,1738,
2021-09-18,257,1593836,600564,569469,21245,9850,1128,36,1791,
2021-09-19,211,1602877,602398,569970,21285,11143,501,40,1834,
2021-09-20,230,1606628,603535,570149,21322,12064,179,37,1137,
2021-09-21,333,1608321,604595,570917,21364,12314,768,42,1060,
2021-09-22,355,1616887,606116,571738,21407,12971,821,43,1521,
2021-09-23,348,1624846,607814,572692,21460,13662,954,53,1698,
2021-09-24,355,1632391,609688,574016,21519,14153,1324,59,1874,
2021-09-25,355,1641321,611595,575524,21569,14502,1508,50,1907,
2021-09-26,309,1649300,613650,575894,21625,16131,370,56,2055,
2021-09-27,244,1652961,615177,576420,21680,17077,526,55,1527,
2021-09-28,365,1654830,616707,578270,21738,16699,1850,58,1530,
2021-09-29,484,1662647,618640,580160,21798,16682,1890,60,1933,
2021-09-30,450,1670676,620717,582086,21854,16777,1926,56,2077,
2021-10-01,451,1678787,622998,584033,21909,17056,1947,55,2281,
2021-10-02,388,1686749,625492,585207,21968,18317,1174,59,2494,
2021-10-03,275,1694976,627955,585651,22027,20277,444,59,2463,
2021-10-04,258,1697908,630153,586028,22087,22038,377,60,2198,
2021-10-05,437,1699274,632047,587595,22145,22307,1567,58,1894,
2021-10-06,505,1706151,634234,589270,22200,22764,1675,55,2187,
2021-10-07,443,1714556,636652,591018,22260,23374,1748,60,2418,
2021-10-08,513,1721660,639153,593040,22321,23792,2022,61,2501,
2021-10-09,396,1729074,641870,594918,22382,24570,1878,61,2717,
2021-10-10,333,1737667,644692,595364,22446,26882,446,64,2822,
2021-10-11,309,1741554,647623,595735,22509,29379,371,63,2931,
2021-10-12,436,1743313,649781,598194,22571,29016,2459,62,2158,
2021-10-13,555,1751056,652251,600178,22636,29437,1984,65,2470,
2021-10-14,493,1758787,654596,602182,22703,29711,2004,67,2345,
2021-10-15,513,1766778,657228,604541,22765,29922,2359,62,2632,
2021-10-16,435,1776083,660316,606786,22832,30698,2245,67,3088,
2021-10-17,396,1785232,663639,607710,22897,33032,924,65,3323,
2021-10-18,354,1789671,666736,608050,22964,35722,340,67,3097,
2021-10-19,499,1792435,669956,611146,23032,35778,3096,68,3220,
2021-10-20,587,1800829,673230,614229,23094,35907,3083,62,3274,
2021-10-21,542,1811029,676510,617216,23162,36132,2987,68,3280,
2021-10-22,572,1823239,679743,620339,23229,36175,3123,67,3233,
2021-10-23,413,1835473,683103,623226,23296,36581,2887,67,3360,
2021-10-24,342,1848685,686400,624461,23365,38574,1235,69,3297,
2021-10-25,326,1854638,689093,625563,23430,40100,1102,65,2693,
2021-10-26,528,2020000,691828,628492,23502,39834,2929,72,2735,
2021-10-27,525,2020000,694741,631713,23576,39452,3221,74,2913,
2021-10-28,553,2020000,697927,634867,23646,39414,3154,70,3186,
2021-10-29,538,2020000,701379,638284,23722,39373,3417,76,3452,
2021-10-30,504,2020000,704957,640888,23798,40271,2604,76,3578,
2021-10-31,436,2020000,708554,642772,23880,41902,1884,82,3597,
2021-11-01,341,2020000,711804,643867,23965,43972,1095,85,3250,
2021-11-02,507,2020000,714870,647001,24048,43821,3134,83,3066,
2021-11-03,472,2020000,718139,650327,24134,43678,3326,86,3269,
2021-11-04,454,2154885,721410,653681,24209,43520,3354,75,3271,
2021-11-05,439,2154885,724773,655321,24298,45154,1640,89,3363,
2021-11-06,366,2154885,727911,658621,24384,44906,3300,86,3138,
2021-11-07,314,2154885,730462,659978,24467,46017,1357,83,2551,
2021-11-08,339,2154885,733059,661116,24552,47391,1138,85,2597,
2021-11-09,425,2154885,735739,664270,24640,46829,3154,88,2680,
2021-11-10,440,2154885,738681,667095,24722,46864,2825,82,2942,
2021-11-11,390,2221141,741911,670213,24807,46891,3118,85,3230,
2021-11-12,484,2221141,745332,674009,24882,46441,3796,75,3421,
2021-11-13,368,2221141,748605,677891,24952,45762,3882,70,3273,
2021-11-14,284,2221141,751749,679466,25032,47251,1575,80,3144,
2021-11-15,242,2221141,754717,680610,25109,48998,1144,77,2968,
2021-11-16,397,2221141,757848,684029,25187,48632,3419,78,3131,
2021-11-17,428,2345404,760641,686602,25271,48768,2573,84,2793,
2021-11-18,405,2345404,763286,690451,25350,47485,3849,79,2645,
2021-11-19,429,,766000,694876,25427,45697,4425,77,2714,
2021-11-20,329,2345404,768637,699053,25502,44082,4177,75,2637,
2021-11-21,277,2345404,771133,700667,25576,44890,1614,74,2496,
2021-11-22,280,2464192,773348,701740,25653,45955,1073,77,2215,
2021-11-23,368,2464192,774408,706577,25729,42102,4837,76,1060,
2021-11-24,392,2464192,775795,709724,25802,40269,3147,73,1387,
2021-11-25,384,2464192,777333,714636,25867,36830,4912,65,1538,
2021-11-26,445,2545369,779037,718091,25931,35015,3455,64,1704,
2021-11-27,332,,780916,721407,26001,33508,3316,70,1879,
2021-11-28,249,2545369,782988,722489,26069,34430,1082,68,2072,
2021-11-29,249,2545369,785169,723415,26135,35619,926,66,2181,
2021-11-30,360,2545369,787272,725969,26204,35099,2554,69,2103,
2021-12-01,403,2545369,789691,728738,26263,34690,2769,59,2419,
2021-12-02,417,2591854,792314,731844,26320,34150,3106,57,2623,
2021-12-03,411,2591854,794923,735867,26380,32676,4023,60,2609,
2021-12-04,339,2591854,797451,738627,26437,32387,2760,57,2528,
2021-12-05,271,2591854,799871,739588,26498,33785,961,61,2420,
2021-12-06,244,2591854,802283,740382,26553,35348,794,55,2412,
2021-12-07,351,2591854,804664,744218,26604,33842,3836,51,2381,
2021-12-08,391,2591854,806873,747745,26653,32475,3527,49,2209,
2021-12-09,387,,808984,750706,26707,31571,2961,54,2111,
2021-12-10,371,2749610,811251,753572,26762,30917,2866,55,2267,
2021-12-11,290,,813296,756331,26823,30142,2759,61,2045,
2021-12-12,270,2749610,815308,757614,26886,30808,1283,63,2012,
2021-12-13,311,2750000,817276,758301,26946,32029,687,60,1968,
2021-12-14,386,2750000,819265,761399,27008,30858,3098,62,1989,
2021-12-15,423,2750000,821320,763825,27067,30428,2426,59,2055,
2021-12-16,448,2750000,823312,766249,27128,29935,2424,61,1992,
2021-12-17,445,2750000,825296,768462,27191,29643,2213,63,1984,
2021-12-18,322,2750000,827293,770810,27262,29221,2348,71,1997,
2021-12-19,309,2791928,829248,771730,27329,30189,920,67,1955,
2021-12-20,287,2791928,831206,772574,27393,31239,844,64,1958,
2021-12-21,408,2791928,833281,774876,27459,30946,2302,66,2075,
2021-12-22,421,2791928,835447,777534,27519,30394,2658,60,2166,
2021-12-23,373,2791928,837645,780167,27574,29904,2633,55,2198,
2021-12-24,391,2791928,839762,782871,27629,29262,2704,55,2117,
2021-12-25,323,2791928,841834,785762,27681,28391,2891,52,2072,
2021-12-26,265,2791928,843685,786647,27745,29293,885,64,1851,
2021-12-27,224,2791928,845519,787548,27805,30166,901,60,1834,
2021-12-28,338,2791928,847321,790730,27866,28725,3182,61,1802,
2021-12-29,384,2791928,848847,793459,27925,27463,2729,59,1526,
2021-12-30,384,2907800,850379,796695,27985,25699,3236,60,1532,
2021-12-31,291,2907800,851908,799163,28036,24709,2468,51,1529,
2022-01-01,215,2907800,853442,799941,28092,25409,778,56,1534,
2022-01-02,219,2907800,854910,800469,28149,26292,528,57,1468,
2022-01-03,250,2907800,856251,801187,28204,26860,718,55,1341,
2022-01-04,289,2907800,857548,802410,28267,26871,1223,63,1297,
2022-01-05,316,2907800,858821,803824,28328,26669,1414,61,1273,
2022-01-06,354,2907800,860107,805077,28386,26644,1253,58,1286,
2022-01-07,381,2907800,861398,806155,28447,26796,1078,61,1291,
2022-01-08,311,2907800,862774,807035,28510,27229,880,63,1376,
2022-01-09,294,2907800,864097,808263,28570,27264,1228,60,1323,
2022-01-10,263,2907800,865516,809035,28632,27849,772,62,1419,
2022-01-11,390,2907800,867028,811611,28698,26719,2576,66,1512,
2022-01-12,383,2907800,868687,814079,28753,25855,2468,55,1659,
2022-01-13,358,2907800,870526,816693,28811,25022,2614,58,1839,
2022-01-14,338,2960000,873234,819567,28872,24795,2874,61,2708,
2022-01-15,314,3001045,876548,822420,28934,25194,2853,62,3314,
2022-01-16,260,3001045,880506,823562,28997,27947,1142,63,3958,
2022-01-17,253,3001045,884638,824187,29062,31389,625,65,4132,
2022-01-18,431,3001045,888716,826628,29126,32962,2441,64,4078,
2022-01-19,414,3014000,893098,828077,29188,35833,1449,62,4382,
2022-01-20,479,3014000,897851,830723,29248,37880,2646,60,4753,
2022-01-21,487,3014000,903773,833692,29293,40788,2969,45,5922,
2022-01-22,473,3014000,912224,836271,29351,46602,2579,58,8451,
2022-01-23,383,3014000,921759,837467,29416,54876,1196,65,9535,
2022-01-24,342,3014000,930172,838112,29479,62581,645,63,8413,
2022-01-25,657,3014000,939894,840927,29537,69430,2815,58,9722,
2022-01-26,753,3014000,950475,844045,29592,76838,3118,55,10581,
2022-01-27,713,3014000,962283,847273,29656,85354,3228,64,11808,
2022-01-28,711,3014000,976259,850554,29713,95992,3281,57,13976,
2022-01-29,647,3014000,991198,853434,29776,107988,2880,63,14939,
2022-01-30,520,3014000,1009031,854771,29841,124419,1337,65,17833,
2022-01-31,538,3014000,1024833,856385,29901,138547,1614,60,15802,
2022-02-01,731,3014000,1038452,860698,29959,147795,4313,58,13619,
2022-02-02,885,3014000,1057686,865013,30022,162651,4315,63,19234,
2022-02-03,800,3014000,1078920,871308,30078,177534,6295,56,21234,
2022-02-04,746,,1100752,878175,30135,192442,6867,57,21832,
2022-02-05,699,3014000,1122532,884565,30200,207767,6390,65,21780,
2022-02-06,606,3014000,1143980,890428,30267,223285,5863,67,21448,
2022-02-07,584,3100000,1157352,893787,30331,233234,3359,64,13372,
2022-02-08,759,3100000,1168366,902877,30398,235091,9090,67,11014,
2022-02-09,780,3100000,1188010,914119,30458,243433,11242,60,19644,
2022-02-10,796,3100000,1209654,929334,30516,249804,15215,58,21644,
2022-02-11,742,3100000,1231724,949693,30582,251449,20359,66,22070,
2022-02-12,628,3100000,1253413,965655,30651,257107,15962,69,21689,
2022-02-13,488,3100000,1273549,975917,30723,266909,10262,72,20136,
2022-02-14,440,3100000,1284933,983286,30793,270854,7369,70,11384,
2022-02-15,620,3141000,1292024,1005481,30866,255677,22195,73,7091,
2022-02-16,712,,1309175,1030441,30941,247793,24960,75,17151,
2022-02-17,737,3141000,1325770,1057712,31015,237043,27271,74,16595,
2022-02-18,604,3141000,1342168,1086588,31093,224487,28876,78,16398,
2022-02-19,471,3141000,1360210,1111026,31176,218008,24438,83,18042,
2022-02-20,330,3141000,1378252,1135464,31259,211529,24438,83,18042,
2022-02-21,291,3141000,1387295,1142392,31339,213564,6928,80,9043,
2022-02-22,449,3141000,1393870,1164270,31420,198180,21878,81,6575,
2022-02-23,411,3141000,1403664,1189904,31503,182257,25634,83,9794,
2022-02-24,255,3141000,1412406,1196495,31582,184329,6591,79,8742,
2022-02-25,355,3141000,1419978,1216855,31657,171466,20360,75,7572,
2022-02-26,269,3141000,1427387,1240257,31733,155397,23402,76,7409,
2022-02-27,198,,1433829,1247601,31814,154414,7344,81,6442,
2022-02-28,193,,1439238,1252803,31892,154543,5202,78,5409,
2022-03-01,306,,1442659,1272248,31969,138442,19445,77,3421,
2022-03-02,298,,1447173,1292572,32035,122566,20324,66,4514,
2022-03-03,278,3141000,1450735,1309863,32100,108772,17291,65,3562,
2022-03-04,250,,1454157,1319548,32169,102440,9685,69,3422,
2022-03-05,239,3141000,1457638,1329470,32230,95938,9922,61,3481,
2022-03-06,177,,1460793,1340641,32295,87857,11171,65,3155,
2022-03-07,124,,1463889,1350462,32354,81073,9821,59,3096,
2022-03-08,122,3141000,1466637,1352788,32413,81436,2326,59,2748,
2022-03-09,131,,1469279,1355202,32467,81610,2414,54,2642,
2022-03-10,222,,1471681,1365935,32508,73238,10733,41,2402,
2022-03-11,199,,1474276,1379292,32548,62436,13357,40,2595,
2022-03-12,127,,1476199,1380474,32584,63141,1182,36,1923,
2022-03-13,105,,1478122,1381656,32620,63846,1182,36,1923,
2022-03-14,112,3141000,1479669,1382818,32658,64193,1162,38,1547,
2022-03-15,192,,1480933,1388849,32688,59396,6031,30,1264,
2022-03-16,197,,1482502,1395128,32722,54652,6279,34,1569,
2022-03-17,215,,1484062,1400905,32750,50407,5777,28,1560,
2022-03-18,166,,1485548,1405392,32775,47381,4487,25,1486,
2022-03-19,115,3141000,1487020,1409328,32802,44890,3936,27,1472,
2022-03-20,95,,1488418,1410352,32825,45241,1024,23,1398,
2022-03-21,112,3141000,1489770,1410860,32850,46060,508,25,1352,
2022-03-22,162,,1491079,1415427,32874,42778,4567,24,1309,
2022-03-23,164,3141000,1492510,1419746,32895,39869,4319,21,1431,
2022-03-24,149,,1493789,1423508,32917,37364,3762,22,1279,
2022-03-25,132,3141000,1495026,1426828,32942,35256,3320,25,1237,
2022-03-26,109,,1496171,1429100,32967,34104,2272,25,1145,
2022-03-27,60,3141000,1497276,1429631,32985,34660,531,18,1105,
2022-03-28,67,,1498274,1429893,33004,35377,262,19,998,
2022-03-29,114,,1499254,1431852,33021,34381,1959,17,980,
2022-03-30,143,,1500338,1435593,33041,31704,3741,20,1084,
2022-03-31,119,,1501269,1440404,33060,27805,4811,19,931,
2022-04-01,107,3141000,1502227,1445608,33079,23540,5204,19,958,
2022-04-02,86,,1503144,1450340,33095,19709,4732,16,917,
2022-04-03,42,,1503908,1455138,33112,15658,4798,17,764,
2022-04-04,74,3141000,1504667,1459956,33130,11581,4818,18,759,
2022-04-05,124,,1505367,1464518,33149,7700,4562,19,700,
2022-04-06,140,,1506101,1467115,33164,5822,2597,15,734,
2022-04-07,81,,1506816,1469053,33180,4583,1938,16,715,
2022-04-08,121,3141000,1507559,1470926,33189,3444,1873,9,743,
2022-04-09,75,,1508248,1472457,33203,2588,1531,14,689,
2022-04-10,87,,1508865,1473273,33217,2375,816,14,617,
2022-04-11,82,,1509474,1473947,33229,2298,674,12,609,
2022-04-12,139,,1509982,1475355,33245,1382,1408,16,508,
2022-04-13,157,3141000,1510569,1477921,33255,-607,2566,10,587,
2022-04-14,147,,1511173,1479269,33269,-1365,1348,14,604,
2022-04-15,155,,1511792,1479970,33284,-1462,701,15,619,
2022-04-16,76,,1512463,1480796,33300,-1633,826,16,671,
2022-04-17,56,,1513107,1481432,33315,-1640,636,15,644,
2022-04-18,54,3141000,1513735,1481924,33331,-1520,492,16,628,
2022-04-19,149,3141000,1514359,1482549,33345,-1535,625,14,624,
2022-04-20,171,,1514970,1483164,33357,-1551,615,12,611,
2022-04-21,184,,1515549,1483787,33365,-1603,623,8,579,
2022-04-22,139,3141000,1516157,1484436,33375,-1654,649,10,608,
2022-04-23,75,3247000,1516760,1485328,33384,-1952,892,9,603,
2022-04-24,82,,1517347,1485926,33398,-1977,598,14,587,
2022-04-25,51,3247000,1517890,1486361,33410,-1881,435,12,543,
2022-04-26,142,,1518357,1487189,33421,-2253,828,11,467,
2022-04-27,140,,1518867,1487815,33435,-2383,626,14,510,
2022-04-28,113,3247000,1519354,1488530,33451,-2627,715,16,487,
2022-04-29,123,,1519831,1489099,33467,-2735,569,16,477,
2022-04-30,94,,1520323,1489593,33481,-2751,494,14,492,
2022-05-01,84,,1520744,1489946,33497,-2699,353,16,421,
2022-05-02,71,,1521137,1490341,33510,-2714,395,13,393,
2022-05-03,67,,1521493,1490698,33525,-2730,357,15,356,
2022-05-04,85,,1521821,1491027,33537,-2743,329,12,328,
2022-05-05,125,,1522170,1491515,33552,-2897,488,15,349,
2022-05-06,111,,1522534,1491986,33564,-3016,471,12,364,
2022-05-07,100,,1522891,1492396,33573,-3078,410,9,357,
2022-05-08,73,,1523264,1492770,33587,-3093,374,14,373,
2022-05-09,44,,1523576,1493144,33599,-3167,374,12,312,
2022-05-10,62,,1523885,1493460,33614,-3189,316,15,309,
2022-05-11,111,,1524189,1493804,33628,-3243,344,14,304,
2022-05-12,129,,1524510,1494464,33639,-3593,660,11,321,
2022-05-13,131,,1524847,1495013,33651,-3817,549,12,337,
2022-05-14,85,,1525162,1495437,33664,-3939,424,13,315,
2022-05-15,73,,1525520,1495795,33677,-3952,358,13,358,
2022-05-16,85,,1525854,1496080,33687,-3913,285,10,334,
2022-05-17,105,,1526180,1496810,33698,-4328,730,11,326,
2022-05-18,113,,1526541,1497558,33706,-4723,748,8,361,
2022-05-19,91,,1526893,1498047,33715,-4869,489,9,352,
2022-05-20,105,,1527250,1498520,33726,-4996,473,11,357,
2022-05-21,60,,1527589,1498987,33737,-5135,467,11,339,
2022-05-22,63,,1527907,1499088,33747,-4928,101,10,318,
2022-05-23,69,,1528214,1499125,33756,-4667,37,9,307,
2022-05-24,106,,1528518,1499349,33763,-4594,224,7,304,
2022-05-25,105,,1528844,1499862,33773,-4791,513,10,326,
2022-05-26,113,,1529137,1500260,33783,-4906,398,10,293,
2022-05-27,107,,1529454,1500604,33794,-4944,344,11,317,
2022-05-28,66,,1529727,1500956,33803,-5032,352,9,273,
2022-05-29,35,,1529984,1501028,33815,-4859,72,12,257,
2022-05-30,70,,1530237,1501093,33826,-4682,65,11,253,
2022-05-31,100,,1530485,1501507,33836,-4858,414,10,248,
2022-06-01,104,,1530779,1501933,33846,-5000,426,10,294,
2022-06-02,97,,1531070,1502256,33858,-5044,323,12,291,
2022-06-03,111,,1531372,1502590,33869,-5087,334,11,302,
2022-06-04,82,,1531635,1502918,33878,-5161,328,9,263,
2022-06-05,50,,1531883,1503116,33890,-5123,198,12,248,
2022-06-06,77,,1532125,1503214,33901,-4990,98,11,242,
2022-06-07,99,,1532376,1503587,33910,-5121,373,9,251,
2022-06-08,96,,1532599,1503923,33920,-5244,336,10,223,
2022-06-09,108,,1532811,1504180,33931,-5300,257,11,212,
2022-06-10,97,,1533028,1504418,33941,-5331,238,10,217,
2022-06-11,65,,1533242,1504644,33953,-5355,226,12,214,
2022-06-12,46,,1533448,1504720,33963,-5235,76,10,206,
2022-06-13,38,,1533651,1504925,33975,-5249,205,12,203,
2022-06-14,61,,1533852,1505106,33986,-5240,181,11,201,
2022-06-15,82,,1534064,1505429,33996,-5361,323,10,212,
2022-06-16,104,3247000,1534298,1505718,34003,-5423,289,7,234,
2022-06-17,79,,1534526,1505835,34010,-5319,117,7,228,
2022-06-18,59,,1534747,1506187,34015,-5455,352,5,221,
2022-06-19,41,,1534964,1506354,34026,-5416,167,11,217,
2022-06-20,,,1535170,1506523,34036,-5389,169,10,206,
2022-06-21,94,,1535384,1506775,34046,-5437,252,10,214,
2022-06-22,78,,1535609,1507070,34055,-5516,295,9,225,
2022-06-23,93,,1535829,1507293,34062,-5526,223,7,220,
2022-06-24,97,,1536056,1507511,34072,-5527,218,10,227,
2022-06-25,55,,1536288,1507727,34084,-5523,216,12,232,
2022-06-26,35,,1536532,1507824,34094,-5386,97,10,244,
2022-06-27,56,,1536770,1507843,34105,-5178,19,11,238,
2022-06-28,82,,1537000,1508278,34113,-5391,435,8,230,
2022-06-29,86,,1537241,1508578,34122,-5459,300,9,241,
2022-06-30,81,,1537487,1508820,34128,-5461,242,6,246,
2022-07-01,55,,1537739,1509013,34134,-5408,193,6,252,
2022-07-02,40,,1537996,1509245,34142,-5391,232,8,257,
2022-07-03,25,,1538244,1509341,34152,-5249,96,10,248,
2022-07-04,62,,1538497,1509432,34161,-5096,91,9,253,
2022-07-05,64,,1538748,1509799,34168,-5219,367,7,251,
2022-07-06,75,,1539007,1510043,34176,-5212,244,8,259,
2022-07-07,63,,1539273,1510305,34183,-5215,262,7,266,
2022-07-08,,,1539546,1510540,34187,-5181,235,4,273,
2022-07-09,45,,1539819,1510775,34191,-5147,235,4,273,
2022-07-10,38,,1540096,1510957,34197,-5058,182,6,277,
2022-07-11,36,,1540365,1511000,34205,-4840,43,8,269,
2022-07-12,67,,1540640,1511348,34212,-4920,348,7,275,
2022-07-13,63,,1540924,1511633,34216,-4925,285,4,284,
2022-07-14,71,3247000,1541221,1511856,34221,-4856,223,5,297,
2022-07-15,100,,1541550,1512019,34226,-4695,163,5,329,
2022-07-16,9,,1541914,1512133,34235,-4454,114,9,364,
2022-07-17,17,,1542349,1512195,34243,-4089,62,8,435,
2022-07-18,26,3247000,1542866,1512223,34249,-3606,28,6,517,
2022-07-19,64,,1543387,1512653,34254,-3520,430,5,521,
2022-07-20,74,,1543959,1513166,34259,-3466,513,5,572,
2022-07-21,73,,1544563,1513712,34263,-3412,546,4,604,
2022-07-22,98,,1545256,1514179,34270,-3193,467,7,693,
2022-07-23,60,,1545967,1514480,34278,-2791,301,8,711,
2022-07-24,33,,1546748,1514942,34285,-2479,462,7,781,
2022-07-25,67,,1547536,1515491,34293,-2248,549,8,788,
2022-07-26,115,,1548330,1515858,34301,-1829,367,8,794,
2022-07-27,121,,1549276,1516181,34306,-1211,323,5,946,
2022-07-28,128,,1550427,1516545,34310,-428,364,4,1151,
2022-07-29,100,3285000,1551699,1516832,34317,550,287,7,1272,
2022-07-30,78,3285000,1553156,1517520,34325,1311,688,8,1457,
2022-07-31,69,,1554752,1518207,34332,2213,687,7,1596,
2022-08-01,82,,1556463,1518877,34340,3246,670,8,1711,
2022-08-02,148,,1558098,1519848,34347,3903,971,7,1635,
2022-08-03,167,,1559879,1521031,34353,4495,1183,6,1781,
2022-08-04,180,,1561693,1522236,34359,5098,1205,6,1814,
2022-08-05,192,,1563996,1523358,34368,6270,1122,9,2303,
2022-08-06,,,1566299,1524480,34377,7442,1122,9,2303,
2022-08-07,98,,1568709,1525648,34384,8677,1168,7,2410,
2022-08-08,114,,1571351,1526942,34392,10017,1294,8,2642,
2022-08-09,231,,1573990,1528505,34404,11081,1563,12,2639,
2022-08-10,186,3285000,1576884,1530293,34416,12175,1788,12,2894,
2022-08-11,206,3285000,1579824,1532180,34425,13219,1887,9,2940,
2022-08-12,187,,1583053,1533722,34434,14897,1542,9,3229,
2022-08-13,166,,1586507,1535598,34445,16464,1876,11,3454,
2022-08-14,108,,1590268,1537350,34459,18459,1752,14,3761,
2022-08-15,120,,1594050,1539072,34470,20508,1722,11,3782,
2022-08-16,238,,1597826,1542042,34481,21303,2970,11,3776,
2022-08-17,257,,1601707,1545794,34495,21418,3752,14,3881,
2022-08-18,291,,1605552,1548871,34506,22175,3077,11,3845,
2022-08-19,306,3285000,1609679,1551750,34517,23412,2879,11,4127,
2022-08-20,206,,1614078,1554447,34533,25098,2697,16,4399,
2022-08-21,138,,1618485,1556620,34547,27318,2173,14,4407,
2022-08-22,156,,1622895,1559265,34552,29078,2645,5,4410,
2022-08-23,296,3285000,1627307,1563906,34570,28831,4641,18,4412,
2022-08-24,258,3285000,1631713,1568727,34590,28396,4821,20,4406,
2022-08-25,223,,1636136,1572888,34609,28639,4161,19,4423,
2022-08-26,252,,1640571,1577897,34631,28043,5009,22,4435,
2022-08-27,213,,1644785,1582314,34651,27820,4417,20,4214,
2022-08-28,189,,1649054,1585244,34673,29137,2930,22,4269,
2022-08-29,154,,1652896,1588656,34688,29552,3412,15,3842,
2022-08-30,234,,1656393,1593666,34711,28016,5010,23,3497,
2022-08-31,215,,1659640,1597511,34730,27399,3845,19,3247,
2022-09-01,189,,1662792,1601491,34749,26552,3980,19,3152,
2022-09-02,165,,1665951,1604472,34761,26718,2981,12,3159,
2022-09-03,172,,1668964,1606648,34772,27544,2176,11,3013,
2022-09-04,130,,1671982,1609271,34789,27922,2623,17,3018,
2022-09-05,161,,1674979,1611961,34801,28217,2690,12,2997,
2022-09-06,189,,1677993,1617553,34822,25618,5592,21,3014,
2022-09-07,171,,1681165,1622936,34844,23385,5383,22,3172,
2022-09-08,205,,1684414,1626573,34863,22978,3637,19,3249,
2022-09-09,224,,1687729,1631564,34883,21282,4991,20,3315,
2022-09-10,258,,1691156,1634552,34897,21707,2988,14,3427,
2022-09-11,154,,1694640,1637324,34908,22408,2772,11,3484,
2022-09-12,185,,1698111,1640498,34919,22694,3174,11,3471,
2022-09-13,243,,1701589,1644588,34939,22062,4090,20,3478,
2022-09-14,268,,1705212,1648634,34957,21621,4046,18,3623,
2022-09-15,274,,1708847,1650759,34979,23109,2125,22,3635,
2022-09-16,243,,1712726,1653306,35000,24420,2547,21,3879,
2022-09-17,123,,1716878,1656318,35024,25536,3012,24,4152,
2022-09-18,127,,1720851,1659859,35044,25948,3541,20,3973,
2022-09-19,276,,1724842,1663543,35060,26239,3684,16,3991,
2022-09-20,284,,1728952,1667822,35082,26048,4279,22,4110,
2022-09-21,244,,1732849,1672019,35101,25729,4197,19,3897,
2022-09-22,234,,1736714,1676677,35121,24916,4658,20,3865,
2022-09-23,221,,1740650,1682217,35133,23300,5540,12,3936,
2022-09-24,137,,1744437,1686930,35151,22356,4713,18,3787,
2022-09-25,126,,1747751,1689802,35167,22782,2872,16,3314,
2022-09-26,207,,1750221,1692319,35178,22724,2517,11,2470,
2022-09-27,221,,1752302,1695509,35197,21596,3190,19,2081,
2022-09-28,173,,1754073,1700029,35215,18829,4520,18,1771,
2022-09-29,195,,1755855,1702502,35235,18118,2473,20,1782,
2022-09-30,168,,1757691,1706555,35253,15883,4053,18,1836,
2022-10-01,84,,1759555,1708667,35265,15623,2112,12,1864,
2022-10-02,82,,1761416,1710560,35282,15574,1893,17,1861,
2022-10-03,192,,1763166,1711772,35297,16097,1212,15,1750,
2022-10-04,140,,1764929,1715633,35321,13975,3861,24,1763,
2022-10-05,174,,1766561,1718904,35342,12315,3271,21,1632,
2022-10-06,144,,1768026,1721837,35360,10829,2933,18,1465,
2022-10-07,159,,1769469,1724146,35379,9944,2309,19,1443,
2022-10-08,67,,1770787,1726718,35401,8668,2572,22,1318,
2022-10-09,45,,1772092,1727816,35419,8857,1098,18,1305,
2022-10-10,204,,1773308,1729317,35432,8559,1501,13,1216,
2022-10-11,155,,1774540,1731859,35451,7230,2542,19,1232,
2022-10-12,123,,1775518,1734490,35470,5558,2631,19,978,
2022-10-13,135,,1776469,1736839,35485,4145,2349,15,951,
2022-10-14,105,,1777432,1738538,35503,3391,1699,18,963,
2022-10-15,90,,1778343,1740138,35522,2683,1600,19,911,
2022-10-16,54,,1779069,1740513,35540,3016,375,18,726,
2022-10-17,181,,1779778,1740925,35557,3296,412,17,709,
2022-10-18,166,,1780425,1742447,35576,2402,1522,19,647,
2022-10-19,141,,1781112,1744210,35595,1307,1763,19,687,
2022-10-20,94,,1781686,1745691,35609,386,1481,14,574,
2022-10-21,123,,1782237,1746789,35624,-176,1098,15,551,
2022-10-22,69,,1782776,1747687,35636,-547,898,12,539,
2022-10-23,43,,1783312,1747862,35647,-197,175,11,536,
2022-10-24,116,,1783836,1748669,35662,-495,807,15,524,
2022-10-25,103,,1784300,1749803,35678,-1181,1134,16,464,
2022-10-26,132,,1784771,1750746,35690,-1665,943,12,471,
2022-10-27,115,,1785239,1751315,35707,-1783,569,17,468,
2022-10-28,101,,1785712,1752016,35723,-2027,701,16,473,
2022-10-29,74,,1786188,1752798,35734,-2344,782,11,476,
2022-10-30,55,,1786657,1753273,35751,-2367,475,17,469,
2022-10-31,128,,1787055,1753687,35766,-2398,414,15,398,
2022-11-01,123,,1787481,1754416,35782,-2717,729,16,426,
2022-11-02,89,,1787942,1755115,35797,-2970,699,15,461,
2022-11-03,88,,1788354,1755727,35809,-3182,612,12,412,
2022-11-04,56,,1788761,1756276,35823,-3338,549,14,407,
2022-11-05,45,,1789149,1756502,35834,-3187,226,11,388,
2022-11-06,72,,1789498,1756869,35844,-3215,367,10,349,
2022-11-07,126,,1789849,1757163,35853,-3167,294,9,351,
2022-11-08,112,,1790219,1757969,35870,-3620,806,17,370,
2022-11-09,96,,1790496,1758450,35881,-3835,481,11,277,
2022-11-10,109,,1790801,1758853,35890,-3942,403,9,305,
2022-11-11,110,,1791129,1759167,35906,-3944,314,16,328,
2022-11-12,63,,1791484,1759460,35916,-3892,293,10,355,
2022-11-13,51,,1791875,1759652,35930,-3707,192,14,391,
2022-11-14,118,,1792281,1759861,35942,-3522,209,12,406,
2022-11-15,102,,1792720,1760450,35957,-3687,589,15,439,
2022-11-16,99,,1793162,1761047,35969,-3854,597,12,442,
2022-11-17,97,,1793627,1761608,35983,-3964,561,14,465,
2022-11-18,94,,1794094,1762102,35995,-4003,494,12,467,
2022-11-19,65,,1794552,1762603,36009,-4060,501,14,458,
2022-11-20,26,,1795016,1762861,36020,-3865,258,11,464,
2022-11-21,178,,1795467,1763248,36029,-3810,387,9,451,
2022-11-22,107,,1795923,1763827,36043,-3947,579,14,456,
2022-11-23,116,,1796395,1764456,36054,-4115,629,11,472,
2022-11-24,107,,1796858,1764772,36068,-3982,316,14,463,
2022-11-25,132,,1797346,1765019,36080,-3753,247,12,488,
2022-11-26,72,,1797847,1765273,36090,-3516,254,10,501,
2022-11-27,69,,1798394,1765569,36104,-3279,296,14,547,
2022-11-28,159,,1798973,1765974,36112,-3113,405,8,579,
2022-11-29,156,,1799547,1766609,36123,-3185,635,11,574,
2022-11-30,146,,1800145,1767194,36139,-3188,585,16,598,
2022-12-01,126,,1800771,1767642,36154,-3025,448,15,626,
2022-12-02,161,,1801501,1768117,36168,-2784,475,14,730,
2022-12-03,117,,1802299,1768570,36185,-2456,453,17,798,
2022-12-04,105,,1803111,1769042,36201,-2132,472,16,812,
2022-12-05,154,,1803918,1769672,36216,-1970,630,15,807,
2022-12-06,218,,1804742,1770471,36233,-1962,799,17,824,
2022-12-07,167,,1805614,1771206,36248,-1840,735,15,872,
2022-12-08,198,,1806477,1771737,36255,-1515,531,7,863,
2022-12-09,199,,1807379,1772190,36262,-1073,453,7,902,
2022-12-10,109,,1808328,1772755,36270,-697,565,8,949,
2022-12-11,122,,1809235,1773357,36285,-407,602,15,907,
2022-12-12,236,,1810149,1773992,36295,-138,635,10,914,
2022-12-13,298,,1811097,1774824,36309,-36,832,14,948,
2022-12-14,228,,1812070,1775625,36323,122,801,14,973,
2022-12-15,229,,1813094,1776557,36338,199,932,15,1024,
2022-12-16,223,,1814192,1777271,36350,571,714,12,1098,
2022-12-17,131,,1815345,1778083,36367,895,812,17,1153,
2022-12-18,84,,1816571,1778837,36383,1351,754,16,1226,
2022-12-19,306,,1817788,1779739,36398,1651,902,15,1217,
2022-12-20,221,,1819019,1780990,36415,1614,1251,17,1231,
2022-12-21,196,,1820176,1782244,36430,1502,1254,15,1157,
2022-12-22,198,,1821182,1783532,36445,1205,1288,15,1006,
2022-12-23,147,,1822250,1784642,36461,1147,1110,16,1068,
2022-12-24,145,,1823247,1785700,36476,1071,1058,15,997,
2022-12-25,111,,1824220,1786391,36490,1339,691,14,973,
2022-12-26,188,,1825102,1787255,36502,1345,864,12,882,
2022-12-27,155,,1825953,1788419,36517,1017,1164,15,851,
2022-12-28,158,,1826662,1789638,36531,493,1219,14,709,
2022-12-29,128,,1827375,1790732,36547,96,1094,16,713,
2022-12-30,102,,1828092,1791891,36562,-361,1159,15,717,
2022-12-31,110,,1828800,1793116,36577,-893,1225,15,708,
2023-01-01,70,,1829528,1793650,36593,-715,534,16,728,
2023-01-02,96,,1830143,1794189,36607,-653,539,14,615,
2023-01-03,75,,1830650,1794827,36621,-798,638,14,507,
2023-01-04,131,,1830978,1795286,36633,-941,459,12,328,
2023-01-05,133,,1831308,1795762,36647,-1101,476,14,330,
2023-01-06,96,,1831695,1796352,36649,-1306,590,2,387,
2023-01-07,80,,1832008,1796837,36666,-1495,485,17,313,
2023-01-08,79,,1832353,1797207,36678,-1532,370,12,345,
2023-01-09,116,,1832630,1797504,36693,-1567,297,15,277,
2023-01-10,119,,1832934,1798448,36707,-2221,944,14,304,
2023-01-11,155,,1833269,1799321,36719,-2771,873,12,335,
2023-01-12,131,,1833665,1799829,36730,-2894,508,11,396,
2023-01-13,137,,1834107,1800207,36742,-2842,378,12,442,
2023-01-14,93,,1834604,1800581,36756,-2733,374,14,497,
2023-01-15,68,,1835158,1800900,36765,-2507,319,9,554,
2023-01-16,102,,1835766,1801273,36772,-2279,373,7,608,
2023-01-17,123,,1836429,1802121,36786,-2478,848,14,663,
2023-01-18,116,,1837116,1802808,36797,-2489,687,11,687,
2023-01-19,109,,1837790,1803479,36808,-2497,671,11,674,
2023-01-20,101,,1838502,1803933,36818,-2249,454,10,712,
2023-01-21,56,,1839232,1804492,36827,-2087,559,9,730,
2023-01-22,54,,1839903,1805048,36837,-1982,556,10,671,
2023-01-23,118,,1840567,1805610,36845,-1888,562,8,664,
2023-01-24,104,,1841236,1806392,36855,-2011,782,10,669,
2023-01-25,110,,1841949,1807260,36867,-2178,868,12,713,
2023-01-26,106,,1842653,1807952,36878,-2177,692,11,704,
2023-01-27,97,,1843374,1808456,36888,-1970,504,10,721,
2023-01-28,40,,1844107,1808939,36896,-1728,483,8,733,
2023-01-29,57,,1844835,1809327,36905,-1397,388,9,728,
2023-01-30,101,,1845571,1809881,36912,-1222,554,7,736,
2023-01-31,117,,1846312,1810776,36922,-1386,895,10,741,
2023-02-01,87,,1847125,1811761,36932,-1568,985,10,813,
2023-02-02,103,,1847947,1812396,36941,-1390,635,9,822,
2023-02-03,91,,1848854,1813331,36952,-1429,935,11,907,
2023-02-04,56,,1849769,1813923,36963,-1117,592,11,915,
2023-02-05,49,,1850679,1814211,36975,-507,288,12,910,
2023-02-06,95,,1851686,1814606,36984,96,395,9,1007,
2023-02-07,127,,1852699,1815528,36995,176,922,11,1013,
2023-02-08,106,,1853733,1816444,37005,284,916,10,1034,
2023-02-09,105,,1854840,1817251,37015,574,807,10,1107,
2023-02-10,108,,1856064,1817955,37022,1087,704,7,1224,
2023-02-11,52,,1857375,1818849,37030,1496,894,8,1311,
2023-02-12,68,,1858784,1819566,37037,2181,717,7,1409,
2023-02-13,116,,1860110,1820469,37042,2599,903,5,1326,
2023-02-14,124,,1861313,1821982,37049,2282,1513,7,1203,
2023-02-15,109,,1862584,1823459,37055,2070,1477,6,1271,
2023-02-16,113,,1863892,1824402,37060,2430,943,5,1308,
2023-02-17,101,,1865319,1825021,37068,3230,619,8,1427,
2023-02-18,68,,1866739,1826176,37072,3491,1155,4,1420,
2023-02-19,68,,1868247,1826780,37078,4389,604,6,1508,
2023-02-20,124,,1869659,1827461,37083,5115,681,5,1412,
2023-02-21,148,,1870912,1829336,37090,4486,1875,7,1253,
2023-02-22,112,,1872295,1831175,37094,4026,1839,4,1383,
2023-02-23,51,,1873702,1832700,37100,3902,1525,6,1407,
2023-02-24,81,,1875047,1833612,37106,4329,912,6,1345,
2023-02-25,101,,1876209,1834689,37112,4408,1077,6,1162,
2023-02-26,58,,1877265,1835490,37113,4662,801,1,1056,
2023-02-27,110,,1878328,1836406,37113,4809,916,0,1063,
2023-02-28,140,,1879354,1837593,37120,4641,1187,7,1026,
2023-03-01,146,,1880484,1839673,37129,3682,2080,9,1130,
2023-03-02,140,,1881699,1841143,37137,3419,1470,8,1215,
2023-03-03,141,,1883033,1842351,37146,3536,1208,9,1334,
2023-03-04,46,,1884440,1843285,37156,3999,934,10,1407,
2023-03-05,57,,1885939,1843660,37166,5113,375,10,1499,
2023-03-06,150,,1887325,1844219,37175,5931,559,9,1386,
2023-03-07,112,,1888785,1846089,37185,5511,1870,10,1460,
2023-03-08,60,,1890026,1848480,37195,4351,2391,10,1241,
2023-03-09,120,,1891200,1849818,37204,4178,1338,9,1174,
2023-03-10,115,,1892491,1851379,37215,3897,1561,11,1291,
2023-03-11,62,,1893793,1853036,37226,3531,1657,11,1302,
2023-03-12,59,,1894986,1854015,37238,3733,979,12,1193,
2023-03-13,135,,1896154,1854873,37247,4034,858,9,1168,
2023-03-14,154,,1897291,1855831,37255,4205,958,8,1137,
2023-03-15,95,,1898512,1857506,37263,3743,1675,8,1221,
2023-03-16,132,,1899818,1858539,37272,4007,1033,9,1306,
2023-03-17,127,,1901229,1860024,37278,3927,1485,6,1411,
2023-03-18,49,,1902647,1861033,37285,4329,1009,7,1418,
2023-03-19,50,,1904030,1861759,37293,4978,726,8,1383,
2023-03-20,137,,1905324,1861954,37300,6070,195,7,1294,
2023-03-21,138,,1906550,1863852,37310,5388,1898,10,1226,
2023-03-22,139,,1907845,1865968,37319,4558,2116,9,1295,
2023-03-23,95,,1909181,1867584,37329,4268,1616,10,1336,
2023-03-24,113,,1910564,1868845,37338,4381,1261,9,1383,
2023-03-25,74,,1911908,1870192,37346,4370,1347,8,1344,
2023-03-26,69,,1913187,1871157,37356,4674,965,10,1279,
2023-03-27,124,,1914370,1872085,37364,4921,928,8,1183,
2023-03-28,56,,1915507,1873170,37372,4965,1085,8,1137,
2023-03-29,160,,1916656,1875044,37381,4231,1874,9,1149,
2023-03-30,102,,1917710,1876246,37387,4077,1202,6,1054,
2023-03-31,86,,1919272,1877367,37395,4510,1121,8,1562,
2023-04-01,70,,1920339,1878574,37401,4364,1207,6,1067,
2023-04-02,62,,1921361,1879576,37407,4378,1002,6,1022,
2023-04-03,121,,1922356,1880277,37415,4664,701,8,995,
2023-04-04,95,,1923354,1881676,37424,4254,1399,9,998,
2023-04-05,84,,1924301,1883173,37432,3696,1497,8,947,
2023-04-06,,,1925163,1884423,37442,3298,1250,10,862,
2023-04-07,,,1926037,1885733,37449,2855,1310,7,874,
2023-04-08,38,,1926928,1886761,37455,2712,1028,6,891,
2023-04-09,47,,1927748,1887470,37461,2817,709,6,820,
2023-04-10,109,,1928504,1888158,37468,2878,688,7,756,
2023-04-11,105,,1929195,1889440,37476,2279,1282,8,691,
2023-04-12,76,,1929934,1890791,37485,1658,1351,9,739,
2023-04-13,94,,1930744,1892011,37493,1240,1220,8,810,
2023-04-14,83,,1931548,1893183,37501,864,1172,8,804,
2023-04-15,36,,1932344,1894196,37510,638,1013,9,796,
2023-04-16,40,,1933112,1894642,37519,951,446,9,768,
2023-04-17,75,,1933784,1895256,37527,1001,614,8,672,
2023-04-18,85,,1934322,1896515,37534,273,1259,7,538,
2023-04-19,91,,1934869,1897463,37541,-135,948,7,547,
2023-04-20,71,,1935458,1898198,37549,-289,735,8,589,
2023-04-21,67,,1936036,1898873,37558,-395,675,9,578,
2023-04-22,27,,1936610,1899444,37565,-399,571,7,574,
2023-04-23,38,,1937151,1899898,37571,-318,454,6,541,
2023-04-24,104,,1937714,1900281,37576,-143,383,5,563,
2023-04-25,96,,1938326,1901075,37584,-333,794,8,612,
2023-04-26,86,,1938962,1902181,37591,-810,1106,7,636,
2023-04-27,58,,1939592,1902944,37597,-949,763,6,630,
2023-04-28,54,,1940207,1903799,37605,-1197,855,8,615,
2023-04-29,34,,1940777,1904497,37613,-1333,698,8,570,
2023-04-30,23,,1941276,1905065,37620,-1409,568,7,499,
2023-05-01,23,,1941707,1905456,37625,-1374,391,5,431,
2023-05-02,73,,1941902,1905638,37631,-1367,182,6,195,
2023-05-03,92,,1942139,1906184,37639,-1684,546,8,237,
2023-05-04,40,,1942433,1907024,37645,-2236,840,6,294,
2023-05-05,50,,1942741,1907616,37653,-2528,592,8,308,
2023-05-06,29,,1943088,1908178,37661,-2751,562,8,347,
2023-05-07,19,,1943407,1908537,37667,-2797,359,6,319,
2023-05-08,55,,1943691,1908748,37672,-2729,211,5,284,
2023-05-09,21,,1943922,1908993,37679,-2750,245,7,231,
2023-05-10,59,,1944099,1909225,37684,-2810,232,5,177,
2023-05-11,,,1944273,1909759,37692,-3178,534,8,174,
2023-05-12,42,,1944471,1910322,37699,-3550,563,7,198,
2023-05-13,21,,1944658,1910652,37706,-3700,330,7,187,
2023-05-14,33,,1944851,1910849,37710,-3708,197,4,193,
2023-05-15,,,1945040,1910980,37716,-3656,131,6,189,
